{
    "Camera": [
        {
            "position": [
                0.0,
                0.6299999952316284,
                -11.210000038146973
            ]
        },
        {
            "rotate": [
                0.0,
                0.0,
                0.0
            ]
        }
    ]
}
